GEO.id,GEO.id2,GEO.display-label,HD01_S01,HD02_S01,HD01_S02,HD02_S02,HD01_S03,HD02_S03,HD01_S04,HD02_S04,HD01_S05,HD02_S05,HD01_S06,HD02_S06,HD01_S07,HD02_S07,HD01_S08,HD02_S08,HD01_S09,HD02_S09,HD01_S10,HD02_S10,HD01_S18,HD02_S18,HD01_S23,HD02_S23,HD01_S24,HD02_S24,HD01_S25,HD02_S25,HD01_S26,HD02_S26,HD01_S27,HD02_S27,HD01_S28,HD02_S28,HD01_S29,HD02_S29,HD01_S30,HD02_S30,HD01_S31,HD02_S31,HD01_S32,HD02_S32,HD01_S33,HD02_S33,HD01_S34,HD02_S34,HD01_S35,HD02_S35,HD01_S36,HD02_S36,HD01_S37,HD02_S37,HD01_S38,HD02_S38,HD01_S39,HD02_S39,HD01_S40,HD02_S40,HD01_S41,HD02_S41,HD01_S42,HD02_S42
Id,Id2,Geography,Number; RACE - Total population,Percent; RACE - Total population,Number; RACE - Total population - One race,Percent; RACE - Total population - One race,Number; RACE - Total population - One race - White,Percent; RACE - Total population - One race - White,Number; RACE - Total population - One race - Black or African American,Percent; RACE - Total population - One race - Black or African American,Number; RACE - Total population - One race - American Indian and Alaska Native,Percent; RACE - Total population - One race - American Indian and Alaska Native,"Number; RACE - Total population - One race - American Indian and Alaska Native - American Indian, specified [1]","Percent; RACE - Total population - One race - American Indian and Alaska Native - American Indian, specified [1]","Number; RACE - Total population - One race - American Indian and Alaska Native - Alaska Native, specified [1]","Percent; RACE - Total population - One race - American Indian and Alaska Native - Alaska Native, specified [1]","Number; RACE - Total population - One race - American Indian and Alaska Native - Both American Indian and Alaska Native, specified [1]","Percent; RACE - Total population - One race - American Indian and Alaska Native - Both American Indian and Alaska Native, specified [1]","Number; RACE - Total population - One race - American Indian and Alaska Native - American Indian or Alaska Native, not specified","Percent; RACE - Total population - One race - American Indian and Alaska Native - American Indian or Alaska Native, not specified",Number; RACE - Total population - One race - Asian,Percent; RACE - Total population - One race - Asian,Number; RACE - Total population - One race - Native Hawaiian and Other Pacific Islander,Percent; RACE - Total population - One race - Native Hawaiian and Other Pacific Islander,Number; RACE - Total population - One race - Some Other Race,Percent; RACE - Total population - One race - Some Other Race,Number; RACE - Total population - Two or More Races,Percent; RACE - Total population - Two or More Races,Number; RACE - Total population - Two or More Races - Two races with Some Other Race,Percent; RACE - Total population - Two or More Races - Two races with Some Other Race,Number; RACE - Total population - Two or More Races - Two races without Some Other Race,Percent; RACE - Total population - Two or More Races - Two races without Some Other Race,Number; RACE - Total population - Two or More Races - Three or more races with Some Other Race,Percent; RACE - Total population - Two or More Races - Three or more races with Some Other Race,Number; RACE - Total population - Two or More Races - Three or more races without Some Other Race,Percent; RACE - Total population - Two or More Races - Three or more races without Some Other Race,Number; HISPANIC OR LATINO - Total population,Percent; HISPANIC OR LATINO - Total population,Number; HISPANIC OR LATINO - Total population - Hispanic or Latino (of any race),Percent; HISPANIC OR LATINO - Total population - Hispanic or Latino (of any race),Number; HISPANIC OR LATINO - Total population - Hispanic or Latino (of any race) - Mexican,Percent; HISPANIC OR LATINO - Total population - Hispanic or Latino (of any race) - Mexican,Number; HISPANIC OR LATINO - Total population - Hispanic or Latino (of any race) - Puerto Rican,Percent; HISPANIC OR LATINO - Total population - Hispanic or Latino (of any race) - Puerto Rican,Number; HISPANIC OR LATINO - Total population - Hispanic or Latino (of any race) - Cuban,Percent; HISPANIC OR LATINO - Total population - Hispanic or Latino (of any race) - Cuban,Number; HISPANIC OR LATINO - Total population - Hispanic or Latino (of any race) - Other Hispanic or Latino [2],Percent; HISPANIC OR LATINO - Total population - Hispanic or Latino (of any race) - Other Hispanic or Latino [2],Number; HISPANIC OR LATINO - Total population - Not Hispanic or Latino,Percent; HISPANIC OR LATINO - Total population - Not Hispanic or Latino,Number; RACE AND HISPANIC OR LATINO - Total population,Percent; RACE AND HISPANIC OR LATINO - Total population,Number; RACE AND HISPANIC OR LATINO - Total population - One race,Percent; RACE AND HISPANIC OR LATINO - Total population - One race,Number; RACE AND HISPANIC OR LATINO - Total population - One race - Hispanic or Latino,Percent; RACE AND HISPANIC OR LATINO - Total population - One race - Hispanic or Latino,Number; RACE AND HISPANIC OR LATINO - Total population - One race - Not Hispanic or Latino,Percent; RACE AND HISPANIC OR LATINO - Total population - One race - Not Hispanic or Latino,Number; RACE AND HISPANIC OR LATINO - Total population - Two or More Races,Percent; RACE AND HISPANIC OR LATINO - Total population - Two or More Races,Number; RACE AND HISPANIC OR LATINO - Total population - Two or More Races - Hispanic or Latino,Percent; RACE AND HISPANIC OR LATINO - Total population - Two or More Races - Hispanic or Latino,Number; RACE AND HISPANIC OR LATINO - Total population - Two or More Races - Not Hispanic or Latino,Percent; RACE AND HISPANIC OR LATINO - Total population - Two or More Races - Not Hispanic or Latino
620L200US36001,36001,"Assembly District 1 (2010), New York",149382,100.0,146799,98.3,132928,89.0,6121,4.1,278,0.2,161,0.1,1,0.0,0,0.0,116,0.1,2868,1.9,78,0.1,4526,3.0,2583,1.7,689,0.5,1709,1.1,27,0.0,158,0.1,149382,100.0,14274,9.6,1443,1.0,3899,2.6,361,0.2,8571,5.7,135108,90.4,149382,100.0,146799,98.3,13452,9.0,133347,89.3,2583,1.7,822,0.6,1761,1.2
620L200US36002,36002,"Assembly District 2 (2010), New York",142833,100.0,139291,97.5,118701,83.1,8315,5.8,1350,0.9,967,0.7,1,0.0,0,0.0,382,0.3,2147,1.5,108,0.1,8670,6.1,3542,2.5,1057,0.7,2167,1.5,65,0.0,253,0.2,142833,100.0,26450,18.5,4105,2.9,4851,3.4,376,0.3,17118,12.0,116383,81.5,142833,100.0,139291,97.5,25112,17.6,114179,79.9,3542,2.5,1338,0.9,2204,1.5
620L200US36003,36003,"Assembly District 3 (2010), New York",143108,100.0,138800,97.0,112964,78.9,12954,9.1,638,0.4,258,0.2,2,0.0,0,0.0,378,0.3,4133,2.9,55,0.0,8056,5.6,4308,3.0,1655,1.2,2354,1.6,68,0.0,231,0.2,143108,100.0,25617,17.9,2420,1.7,7995,5.6,425,0.3,14777,10.3,117491,82.1,143108,100.0,138800,97.0,23662,16.5,115138,80.5,4308,3.0,1955,1.4,2353,1.6
620L200US36004,36004,"Assembly District 4 (2010), New York",137024,100.0,134407,98.1,116434,85.0,5067,3.7,224,0.2,95,0.1,0,0.0,0,0.0,129,0.1,9129,6.7,36,0.0,3517,2.6,2617,1.9,810,0.6,1614,1.2,46,0.0,147,0.1,137024,100.0,13207,9.6,991,0.7,4270,3.1,471,0.3,7475,5.5,123817,90.4,137024,100.0,134407,98.1,12245,8.9,122162,89.2,2617,1.9,962,0.7,1655,1.2
620L200US36005,36005,"Assembly District 5 (2010), New York",131677,100.0,129817,98.6,120816,91.8,2210,1.7,162,0.1,73,0.1,0,0.0,0,0.0,89,0.1,4589,3.5,30,0.0,2010,1.5,1860,1.4,557,0.4,1192,0.9,47,0.0,64,0.0,131677,100.0,10438,7.9,726,0.6,4768,3.6,385,0.3,4559,3.5,121239,92.1,131677,100.0,129817,98.6,9821,7.5,119996,91.1,1860,1.4,617,0.5,1243,0.9
620L200US36006,36006,"Assembly District 6 (2010), New York",145372,100.0,137421,94.5,71005,48.8,27981,19.2,1350,0.9,491,0.3,7,0.0,0,0.0,852,0.6,4585,3.2,62,0.0,32438,22.3,7951,5.5,4768,3.3,2700,1.9,211,0.1,272,0.2,145372,100.0,82153,56.5,2411,1.7,14906,10.3,517,0.4,64319,44.2,63219,43.5,145372,100.0,137421,94.5,76626,52.7,60795,41.8,7951,5.5,5527,3.8,2424,1.7
620L200US36007,36007,"Assembly District 7 (2010), New York",134480,100.0,132886,98.8,124864,92.8,1620,1.2,115,0.1,59,0.0,0,0.0,0,0.0,56,0.0,4980,3.7,11,0.0,1296,1.0,1594,1.2,400,0.3,1128,0.8,10,0.0,56,0.0,134480,100.0,7473,5.6,606,0.5,2720,2.0,337,0.3,3810,2.8,127007,94.4,134480,100.0,132886,98.8,7031,5.2,125855,93.6,1594,1.2,442,0.3,1152,0.9
620L200US36008,36008,"Assembly District 8 (2010), New York",128281,100.0,126052,98.3,116693,91.0,3621,2.8,157,0.1,65,0.1,0,0.0,0,0.0,92,0.1,2894,2.3,24,0.0,2663,2.1,2229,1.7,676,0.5,1386,1.1,60,0.0,107,0.1,128281,100.0,11544,9.0,510,0.4,4522,3.5,390,0.3,6122,4.8,116737,91.0,128281,100.0,126052,98.3,10786,8.4,115266,89.9,2229,1.7,758,0.6,1471,1.1
620L200US36009,36009,"Assembly District 9 (2010), New York",130285,100.0,128179,98.4,115911,89.0,3709,2.8,172,0.1,73,0.1,2,0.0,0,0.0,97,0.1,6274,4.8,34,0.0,2079,1.6,2106,1.6,525,0.4,1425,1.1,45,0.0,111,0.1,130285,100.0,9023,6.9,426,0.3,2928,2.2,400,0.3,5269,4.0,121262,93.1,130285,100.0,128179,98.4,8436,6.5,119743,91.9,2106,1.6,587,0.5,1519,1.2
620L200US36010,36010,"Assembly District 10 (2010), New York",138509,100.0,134965,97.4,110644,79.9,8696,6.3,383,0.3,175,0.1,0,0.0,0,0.0,208,0.2,7399,5.3,25,0.0,7818,5.6,3544,2.6,1301,0.9,1991,1.4,95,0.1,157,0.1,138509,100.0,20743,15.0,1445,1.0,3532,2.6,367,0.3,15399,11.1,117766,85.0,138509,100.0,134965,97.4,19288,13.9,115677,83.5,3544,2.6,1455,1.1,2089,1.5
620L200US36011,36011,"Assembly District 11 (2010), New York",135087,100.0,131013,97.0,85417,63.2,31258,23.1,589,0.4,276,0.2,0,0.0,0,0.0,313,0.2,3177,2.4,33,0.0,10539,7.8,4074,3.0,1689,1.3,2026,1.5,129,0.1,230,0.2,135087,100.0,27616,20.4,807,0.6,4683,3.5,332,0.2,21794,16.1,107471,79.6,135087,100.0,131013,97.0,25661,19.0,105352,78.0,4074,3.0,1955,1.4,2119,1.6
620L200US36012,36012,"Assembly District 12 (2010), New York",126438,100.0,124776,98.7,115674,91.5,3157,2.5,132,0.1,45,0.0,1,0.0,0,0.0,86,0.1,3899,3.1,24,0.0,1890,1.5,1662,1.3,596,0.5,958,0.8,43,0.0,65,0.1,126438,100.0,9624,7.6,425,0.3,3002,2.4,476,0.4,5721,4.5,116814,92.4,126438,100.0,124776,98.7,9038,7.1,115738,91.5,1662,1.3,586,0.5,1076,0.9
620L200US36013,36013,"Assembly District 13 (2010), New York",131694,100.0,128967,97.9,102474,77.8,7753,5.9,260,0.2,104,0.1,0,0.0,0,0.0,156,0.1,12931,9.8,37,0.0,5512,4.2,2727,2.1,1115,0.8,1475,1.1,46,0.0,91,0.1,131694,100.0,15533,11.8,1379,1.0,1939,1.5,362,0.3,11853,9.0,116161,88.2,131694,100.0,128967,97.9,14442,11.0,114525,87.0,2727,2.1,1091,0.8,1636,1.2
620L200US36014,36014,"Assembly District 14 (2010), New York",131344,100.0,128003,97.5,97057,73.9,15380,11.7,267,0.2,113,0.1,3,0.0,0,0.0,151,0.1,7616,5.8,30,0.0,7653,5.8,3341,2.5,1392,1.1,1732,1.3,75,0.1,142,0.1,131344,100.0,20587,15.7,610,0.5,4471,3.4,769,0.6,14737,11.2,110757,84.3,131344,100.0,128003,97.5,19072,14.5,108931,82.9,3341,2.5,1515,1.2,1826,1.4
620L200US36015,36015,"Assembly District 15 (2010), New York",135528,100.0,132224,97.6,98310,72.5,7900,5.8,334,0.2,101,0.1,0,0.0,0,0.0,233,0.2,17229,12.7,19,0.0,8432,6.2,3304,2.4,1571,1.2,1582,1.2,59,0.0,92,0.1,135528,100.0,21434,15.8,2695,2.0,2477,1.8,491,0.4,15771,11.6,114094,84.2,135528,100.0,132224,97.6,20005,14.8,112219,82.8,3304,2.4,1429,1.1,1875,1.4
620L200US36016,36016,"Assembly District 16 (2010), New York",134747,100.0,131377,97.5,102163,75.8,2930,2.2,189,0.1,56,0.0,0,0.0,0,0.0,133,0.1,22713,16.9,17,0.0,3365,2.5,3370,2.5,1123,0.8,2134,1.6,51,0.0,62,0.0,134747,100.0,10717,8.0,728,0.5,1130,0.8,362,0.3,8497,6.3,124030,92.0,134747,100.0,131377,97.5,9865,7.3,121512,90.2,3370,2.5,852,0.6,2518,1.9
620L200US36017,36017,"Assembly District 17 (2010), New York",136600,100.0,133885,98.0,108565,79.5,6611,4.8,229,0.2,77,0.1,2,0.0,0,0.0,150,0.1,13629,10.0,28,0.0,4823,3.5,2715,2.0,1150,0.8,1406,1.0,55,0.0,104,0.1,136600,100.0,14809,10.8,604,0.4,2687,2.0,573,0.4,10945,8.0,121791,89.2,136600,100.0,133885,98.0,13896,10.2,119989,87.8,2715,2.0,913,0.7,1802,1.3
620L200US36018,36018,"Assembly District 18 (2010), New York",130690,100.0,124615,95.4,32739,25.1,64046,49.0,820,0.6,241,0.2,0,0.0,0,0.0,579,0.4,2097,1.6,74,0.1,24839,19.0,6075,4.6,3303,2.5,2264,1.7,175,0.1,333,0.3,130690,100.0,49515,37.9,1355,1.0,3340,2.6,574,0.4,44246,33.9,81175,62.1,130690,100.0,124615,95.4,45559,34.9,79056,60.5,6075,4.6,3956,3.0,2119,1.6
620L200US36019,36019,"Assembly District 19 (2010), New York",128933,100.0,126458,98.1,111070,86.1,6354,4.9,239,0.2,76,0.1,0,0.0,0,0.0,163,0.1,4337,3.4,19,0.0,4439,3.4,2475,1.9,1034,0.8,1282,1.0,66,0.1,93,0.1,128933,100.0,15146,11.7,612,0.5,3309,2.6,695,0.5,10530,8.2,113787,88.3,128933,100.0,126458,98.1,14030,10.9,112428,87.2,2475,1.9,1116,0.9,1359,1.1
620L200US36020,36020,"Assembly District 20 (2010), New York",128831,100.0,126617,98.3,108265,84.0,7426,5.8,219,0.2,81,0.1,0,0.0,0,0.0,138,0.1,4848,3.8,48,0.0,5811,4.5,2214,1.7,1067,0.8,1021,0.8,61,0.0,65,0.1,128831,100.0,15842,12.3,617,0.5,2904,2.3,437,0.3,11884,9.2,112989,87.7,128831,100.0,126617,98.3,14808,11.5,111809,86.8,2214,1.7,1034,0.8,1180,0.9
620L200US36021,36021,"Assembly District 21 (2010), New York",132039,100.0,128391,97.2,81180,61.5,27164,20.6,444,0.3,140,0.1,1,0.0,0,0.0,303,0.2,11764,8.9,39,0.0,7800,5.9,3648,2.8,1747,1.3,1621,1.2,118,0.1,162,0.1,132039,100.0,19849,15.0,1283,1.0,4181,3.2,640,0.5,13745,10.4,112190,85.0,132039,100.0,128391,97.2,18258,13.8,110133,83.4,3648,2.8,1591,1.2,2057,1.6
620L200US36022,36022,"Assembly District 22 (2010), New York",127045,100.0,123228,97.0,22683,17.9,4718,3.7,328,0.3,94,0.1,2,0.0,0,0.0,232,0.2,87519,68.9,89,0.1,7891,6.2,3817,3.0,1686,1.3,1946,1.5,80,0.1,105,0.1,127045,100.0,19816,15.6,1277,1.0,2291,1.8,446,0.4,15802,12.4,107229,84.4,127045,100.0,123228,97.0,18387,14.5,104841,82.5,3817,3.0,1429,1.1,2388,1.9
620L200US36023,36023,"Assembly District 23 (2010), New York",124069,100.0,119413,96.2,78567,63.3,16701,13.5,755,0.6,220,0.2,0,0.0,0,0.0,535,0.4,10430,8.4,81,0.1,12879,10.4,4656,3.8,2416,1.9,1980,1.6,122,0.1,138,0.1,124069,100.0,28682,23.1,1473,1.2,9899,8.0,379,0.3,16931,13.6,95387,76.9,124069,100.0,119413,96.2,26564,21.4,92849,74.8,4656,3.8,2118,1.7,2538,2.0
620L200US36024,36024,"Assembly District 24 (2010), New York",124351,100.0,120433,96.8,55011,44.2,10513,8.5,313,0.3,77,0.1,0,0.0,0,0.0,236,0.2,49932,40.2,78,0.1,4586,3.7,3918,3.2,1629,1.3,2031,1.6,104,0.1,154,0.1,124351,100.0,13017,10.5,473,0.4,3458,2.8,541,0.4,8545,6.9,111334,89.5,124351,100.0,120433,96.8,11952,9.6,108481,87.2,3918,3.2,1065,0.9,2853,2.3
620L200US36025,36025,"Assembly District 25 (2010), New York",125471,100.0,118142,94.2,45216,36.0,10306,8.2,817,0.7,150,0.1,1,0.0,0,0.0,666,0.5,49071,39.1,122,0.1,12610,10.1,7329,5.8,3322,2.6,3591,2.9,250,0.2,166,0.1,125471,100.0,25052,20.0,2325,1.9,4209,3.4,480,0.4,18038,14.4,100419,80.0,125471,100.0,118142,94.2,23154,18.5,94988,75.7,7329,5.8,1898,1.5,5431,4.3
620L200US36026,36026,"Assembly District 26 (2010), New York",123681,100.0,121246,98.0,79193,64.0,2511,2.0,124,0.1,52,0.0,0,0.0,0,0.0,72,0.1,35684,28.9,15,0.0,3719,3.0,2435,2.0,880,0.7,1411,1.1,59,0.0,85,0.1,123681,100.0,13261,10.7,512,0.4,3010,2.4,696,0.6,9043,7.3,110420,89.3,123681,100.0,121246,98.0,12333,10.0,108913,88.1,2435,2.0,928,0.8,1507,1.2
620L200US36027,36027,"Assembly District 27 (2010), New York",124451,100.0,118815,95.5,68174,54.8,10894,8.8,663,0.5,227,0.2,3,0.0,0,0.0,433,0.3,25932,20.8,76,0.1,13076,10.5,5636,4.5,2393,1.9,2889,2.3,155,0.1,199,0.2,124451,100.0,32060,25.8,2014,1.6,6766,5.4,629,0.5,22651,18.2,92391,74.2,124451,100.0,118815,95.5,29651,23.8,89164,71.6,5636,4.5,2409,1.9,3227,2.6
620L200US36028,36028,"Assembly District 28 (2010), New York",123186,100.0,119704,97.2,85691,69.6,2914,2.4,225,0.2,69,0.1,0,0.0,0,0.0,156,0.1,25415,20.6,50,0.0,5409,4.4,3482,2.8,1194,1.0,2049,1.7,88,0.1,151,0.1,123186,100.0,18268,14.8,963,0.8,4459,3.6,686,0.6,12160,9.9,104918,85.2,123186,100.0,119704,97.2,16962,13.8,102742,83.4,3482,2.8,1306,1.1,2176,1.8
620L200US36029,36029,"Assembly District 29 (2010), New York",122770,100.0,116883,95.2,8917,7.3,83288,67.8,982,0.8,271,0.2,1,0.0,0,0.0,710,0.6,12670,10.3,101,0.1,10925,8.9,5887,4.8,2970,2.4,2465,2.0,205,0.2,247,0.2,122770,100.0,17681,14.4,1316,1.1,3483,2.8,401,0.3,12481,10.2,105089,85.6,122770,100.0,116883,95.2,16004,13.0,100879,82.2,5887,4.8,1677,1.4,4210,3.4
620L200US36030,36030,"Assembly District 30 (2010), New York",122060,100.0,117735,96.5,73533,60.2,3490,2.9,657,0.5,166,0.1,1,0.0,0,0.0,490,0.4,25454,20.9,52,0.0,14549,11.9,4325,3.5,2287,1.9,1797,1.5,108,0.1,133,0.1,122060,100.0,34285,28.1,6457,5.3,6078,5.0,768,0.6,20982,17.2,87775,71.9,122060,100.0,117735,96.5,31964,26.2,85771,70.3,4325,3.5,2321,1.9,2004,1.6
620L200US36031,36031,"Assembly District 31 (2010), New York",131083,100.0,122851,93.7,16661,12.7,77891,59.4,1258,1.0,299,0.2,1,0.0,0,0.0,958,0.7,10198,7.8,138,0.1,16705,12.7,8232,6.3,4214,3.2,3334,2.5,365,0.3,319,0.2,131083,100.0,28089,21.4,1045,0.8,9057,6.9,513,0.4,17474,13.3,102994,78.6,131083,100.0,122851,93.7,25653,19.6,97198,74.1,8232,6.3,2436,1.9,5796,4.4
620L200US36032,36032,"Assembly District 32 (2010), New York",125758,100.0,118587,94.3,9449,7.5,79633,63.3,1548,1.2,343,0.3,0,0.0,0,0.0,1205,1.0,12037,9.6,182,0.1,15738,12.5,7171,5.7,3760,3.0,2792,2.2,319,0.3,300,0.2,125758,100.0,24720,19.7,1897,1.5,4742,3.8,323,0.3,17758,14.1,101038,80.3,125758,100.0,118587,94.3,22589,18.0,95998,76.3,7171,5.7,2131,1.7,5040,4.0
620L200US36033,36033,"Assembly District 33 (2010), New York",115034,100.0,109711,95.4,14422,12.5,72174,62.7,615,0.5,170,0.1,5,0.0,0,0.0,440,0.4,14518,12.6,100,0.1,7882,6.9,5323,4.6,2418,2.1,2477,2.2,197,0.2,231,0.2,115034,100.0,15064,13.1,579,0.5,3852,3.3,476,0.4,10157,8.8,99970,86.9,115034,100.0,109711,95.4,13700,11.9,96011,83.5,5323,4.6,1364,1.2,3959,3.4
620L200US36034,36034,"Assembly District 34 (2010), New York",121976,100.0,115775,94.9,48142,39.5,3453,2.8,1078,0.9,402,0.3,1,0.0,0,0.0,675,0.6,34383,28.2,49,0.0,28670,23.5,6201,5.1,4043,3.3,1901,1.6,144,0.1,113,0.1,121976,100.0,64987,53.3,13900,11.4,3387,2.8,1117,0.9,46583,38.2,56989,46.7,121976,100.0,115775,94.9,60771,49.8,55004,45.1,6201,5.1,4216,3.5,1985,1.6
620L200US36035,36035,"Assembly District 35 (2010), New York",130758,100.0,124317,95.1,39208,30.0,18170,13.9,1228,0.9,398,0.3,0,0.0,0,0.0,830,0.6,37232,28.5,75,0.1,28404,21.7,6441,4.9,4005,3.1,2091,1.6,195,0.1,150,0.1,130758,100.0,60629,46.4,13434,10.3,3720,2.8,766,0.6,42709,32.7,70129,53.6,130758,100.0,124317,95.1,56441,43.2,67876,51.9,6441,4.9,4188,3.2,2253,1.7
620L200US36036,36036,"Assembly District 36 (2010), New York",111188,100.0,107190,96.4,77819,70.0,2614,2.4,515,0.5,154,0.1,2,0.0,0,0.0,359,0.3,15574,14.0,43,0.0,10625,9.6,3998,3.6,1808,1.6,1949,1.8,94,0.1,147,0.1,111188,100.0,25087,22.6,6125,5.5,3681,3.3,832,0.7,14449,13.0,86101,77.4,111188,100.0,107190,96.4,23346,21.0,83844,75.4,3998,3.6,1741,1.6,2257,2.0
620L200US36037,36037,"Assembly District 37 (2010), New York",124254,100.0,118521,95.4,61682,49.6,13122,10.6,1010,0.8,373,0.3,1,0.0,0,0.0,636,0.5,19255,15.5,98,0.1,23354,18.8,5733,4.6,3201,2.6,2189,1.8,159,0.1,184,0.1,124254,100.0,51467,41.4,8479,6.8,12521,10.1,670,0.5,29797,24.0,72787,58.6,124254,100.0,118521,95.4,47864,38.5,70657,56.9,5733,4.6,3603,2.9,2130,1.7
620L200US36038,36038,"Assembly District 38 (2010), New York",126330,100.0,117370,92.9,59157,46.8,9987,7.9,1636,1.3,369,0.3,1,0.0,0,0.0,1266,1.0,18577,14.7,132,0.1,27881,22.1,8960,7.1,4989,3.9,3343,2.6,347,0.3,281,0.2,126330,100.0,54702,43.3,4927,3.9,16063,12.7,502,0.4,33210,26.3,71628,56.7,126330,100.0,117370,92.9,50729,40.2,66641,52.8,8960,7.1,3973,3.1,4987,3.9
620L200US36039,36039,"Assembly District 39 (2010), New York",127257,100.0,119888,94.2,42528,33.4,4304,3.4,1612,1.3,637,0.5,2,0.0,0,0.0,973,0.8,27906,21.9,49,0.0,43489,34.2,7369,5.8,5381,4.2,1678,1.3,208,0.2,102,0.1,127257,100.0,86883,68.3,25639,20.1,2205,1.7,795,0.6,58244,45.8,40374,31.7,127257,100.0,119888,94.2,80880,63.6,39008,30.7,7369,5.8,6003,4.7,1366,1.1
620L200US36040,36040,"Assembly District 40 (2010), New York",127591,100.0,123618,96.9,12695,9.9,96018,75.3,920,0.7,260,0.2,0,0.0,0,0.0,660,0.5,2652,2.1,66,0.1,11267,8.8,3973,3.1,2045,1.6,1618,1.3,124,0.1,186,0.1,127591,100.0,28777,22.6,800,0.6,13441,10.5,467,0.4,14069,11.0,98814,77.4,127591,100.0,123618,96.9,26436,20.7,97182,76.2,3973,3.1,2341,1.8,1632,1.3
620L200US36041,36041,"Assembly District 41 (2010), New York",116834,100.0,114509,98.0,53319,45.6,47002,40.2,313,0.3,102,0.1,0,0.0,0,0.0,211,0.2,10940,9.4,25,0.0,2910,2.5,2325,2.0,811,0.7,1354,1.2,63,0.1,97,0.1,116834,100.0,8627,7.4,1089,0.9,3761,3.2,270,0.2,3507,3.0,108207,92.6,116834,100.0,114509,98.0,7980,6.8,106529,91.2,2325,2.0,647,0.6,1678,1.4
620L200US36042,36042,"Assembly District 42 (2010), New York",114942,100.0,111482,97.0,22740,19.8,74880,65.1,582,0.5,165,0.1,0,0.0,0,0.0,417,0.4,4319,3.8,47,0.0,8914,7.8,3460,3.0,1547,1.3,1643,1.4,91,0.1,179,0.2,114942,100.0,19844,17.3,6019,5.2,4134,3.6,283,0.2,9408,8.2,95098,82.7,114942,100.0,111482,97.0,18277,15.9,93205,81.1,3460,3.0,1567,1.4,1893,1.6
620L200US36043,36043,"Assembly District 43 (2010), New York",114124,100.0,111279,97.5,21056,18.5,85195,74.7,361,0.3,112,0.1,2,0.0,0,0.0,247,0.2,1639,1.4,39,0.0,2989,2.6,2845,2.5,965,0.8,1598,1.4,79,0.1,203,0.2,114124,100.0,9338,8.2,794,0.7,2605,2.3,274,0.2,5665,5.0,104786,91.8,114124,100.0,111279,97.5,8439,7.4,102840,90.1,2845,2.5,899,0.8,1946,1.7
620L200US36044,36044,"Assembly District 44 (2010), New York",121728,100.0,117122,96.2,75323,61.9,9946,8.2,661,0.5,246,0.2,2,0.0,0,0.0,413,0.3,22087,18.1,46,0.0,9059,7.4,4606,3.8,1487,1.2,2825,2.3,88,0.1,206,0.2,121728,100.0,20302,16.7,8023,6.6,5357,4.4,508,0.4,6414,5.3,101426,83.3,121728,100.0,117122,96.2,18644,15.3,98478,80.9,4606,3.8,1658,1.4,2948,2.4
620L200US36045,36045,"Assembly District 45 (2010), New York",120832,100.0,118806,98.3,97230,80.5,1858,1.5,226,0.2,81,0.1,0,0.0,0,0.0,145,0.1,15619,12.9,9,0.0,3864,3.2,2026,1.7,645,0.5,1299,1.1,39,0.0,43,0.0,120832,100.0,8586,7.1,3567,3.0,1851,1.5,173,0.1,2995,2.5,112246,92.9,120832,100.0,118806,98.3,8103,6.7,110703,91.6,2026,1.7,483,0.4,1543,1.3
620L200US36046,36046,"Assembly District 46 (2010), New York",117179,100.0,114089,97.4,77453,66.1,14412,12.3,555,0.5,164,0.1,1,0.0,0,0.0,390,0.3,13156,11.2,42,0.0,8471,7.2,3090,2.6,1280,1.1,1638,1.4,48,0.0,124,0.1,117179,100.0,20175,17.2,5903,5.0,8579,7.3,322,0.3,5371,4.6,97004,82.8,117179,100.0,114089,97.4,18795,16.0,95294,81.3,3090,2.6,1380,1.2,1710,1.5
620L200US36047,36047,"Assembly District 47 (2010), New York",127412,100.0,124972,98.1,78148,61.3,2653,2.1,360,0.3,123,0.1,1,0.0,0,0.0,236,0.2,35909,28.2,66,0.1,7836,6.2,2440,1.9,988,0.8,1359,1.1,32,0.0,61,0.0,127412,100.0,16040,12.6,5117,4.0,4499,3.5,223,0.2,6201,4.9,111372,87.4,127412,100.0,124972,98.1,15151,11.9,109821,86.2,2440,1.9,889,0.7,1551,1.2
620L200US36048,36048,"Assembly District 48 (2010), New York",124776,100.0,123020,98.6,89124,71.4,1504,1.2,307,0.2,104,0.1,0,0.0,0,0.0,203,0.2,27592,22.1,30,0.0,4463,3.6,1756,1.4,633,0.5,1039,0.8,30,0.0,54,0.0,124776,100.0,9757,7.8,2998,2.4,2728,2.2,163,0.1,3868,3.1,115019,92.2,124776,100.0,123020,98.6,9150,7.3,113870,91.3,1756,1.4,607,0.5,1149,0.9
620L200US36049,36049,"Assembly District 49 (2010), New York",129871,100.0,127554,98.2,73986,57.0,1091,0.8,320,0.2,157,0.1,0,0.0,0,0.0,163,0.1,43760,33.7,105,0.1,8292,6.4,2317,1.8,976,0.8,1257,1.0,24,0.0,60,0.0,129871,100.0,16620,12.8,4172,3.2,4780,3.7,195,0.2,7473,5.8,113251,87.2,129871,100.0,127554,98.2,15633,12.0,111921,86.2,2317,1.8,987,0.8,1330,1.0
620L200US36050,36050,"Assembly District 50 (2010), New York",133740,100.0,130372,97.5,103158,77.1,12159,9.1,493,0.4,151,0.1,0,0.0,0,0.0,342,0.3,5849,4.4,65,0.0,8648,6.5,3368,2.5,1219,0.9,1890,1.4,61,0.0,198,0.1,133740,100.0,20367,15.2,3532,2.6,8772,6.6,362,0.3,7701,5.8,113373,84.8,133740,100.0,130372,97.5,18920,14.1,111452,83.3,3368,2.5,1447,1.1,1921,1.4
620L200US36051,36051,"Assembly District 51 (2010), New York",127463,100.0,121783,95.5,47339,37.1,9525,7.5,1797,1.4,458,0.4,3,0.0,0,0.0,1336,1.0,32713,25.7,69,0.1,30340,23.8,5680,4.5,3035,2.4,2130,1.7,226,0.2,289,0.2,127463,100.0,63916,50.1,21925,17.2,18361,14.4,374,0.3,23256,18.2,63547,49.9,127463,100.0,121783,95.5,59776,46.9,62007,48.6,5680,4.5,4140,3.2,1540,1.2
620L200US36052,36052,"Assembly District 52 (2010), New York",124831,100.0,119627,95.8,93148,74.6,12011,9.6,368,0.3,148,0.1,2,0.0,0,0.0,218,0.2,8410,6.7,50,0.0,5640,4.5,5204,4.2,1105,0.9,3681,2.9,106,0.1,312,0.2,124831,100.0,18179,14.6,2248,1.8,8366,6.7,741,0.6,6824,5.5,106652,85.4,124831,100.0,119627,95.8,16675,13.4,102952,82.5,5204,4.2,1504,1.2,3700,3.0
620L200US36053,36053,"Assembly District 53 (2010), New York",128055,100.0,121303,94.7,58485,45.7,15854,12.4,1555,1.2,426,0.3,1,0.0,0,0.0,1128,0.9,8429,6.6,118,0.1,36862,28.8,6752,5.3,4282,3.3,2039,1.6,221,0.2,210,0.2,128055,100.0,76679,59.9,13556,10.6,28435,22.2,525,0.4,34163,26.7,51376,40.1,128055,100.0,121303,94.7,71472,55.8,49831,38.9,6752,5.3,5207,4.1,1545,1.2
620L200US36054,36054,"Assembly District 54 (2010), New York",127728,100.0,120645,94.5,27094,21.2,47475,37.2,1673,1.3,464,0.4,0,0.0,0,0.0,1209,0.9,7771,6.1,157,0.1,36475,28.6,7083,5.5,4521,3.5,2066,1.6,310,0.2,186,0.1,127728,100.0,70568,55.2,6302,4.9,24444,19.1,555,0.4,39267,30.7,57160,44.8,127728,100.0,120645,94.5,65554,51.3,55091,43.1,7083,5.5,5014,3.9,2069,1.6
620L200US36055,36055,"Assembly District 55 (2010), New York",124991,100.0,120754,96.6,9108,7.3,98135,78.5,946,0.8,281,0.2,0,0.0,0,0.0,665,0.5,1128,0.9,82,0.1,11355,9.1,4237,3.4,2011,1.6,1888,1.5,159,0.1,179,0.1,124991,100.0,27715,22.2,1671,1.3,12054,9.6,365,0.3,13625,10.9,97276,77.8,124991,100.0,120754,96.6,25324,20.3,95430,76.3,4237,3.4,2391,1.9,1846,1.5
620L200US36056,36056,"Assembly District 56 (2010), New York",123795,100.0,119892,96.8,11881,9.6,96801,78.2,770,0.6,226,0.2,1,0.0,0,0.0,543,0.4,2121,1.7,78,0.1,8241,6.7,3903,3.2,1513,1.2,2028,1.6,116,0.1,246,0.2,123795,100.0,20635,16.7,1977,1.6,8922,7.2,443,0.4,9293,7.5,103160,83.3,123795,100.0,119892,96.8,18845,15.2,101047,81.6,3903,3.2,1790,1.4,2113,1.7
620L200US36057,36057,"Assembly District 57 (2010), New York",120027,100.0,114997,95.8,34209,28.5,68178,56.8,538,0.4,193,0.2,3,0.0,0,0.0,342,0.3,6361,5.3,78,0.1,5633,4.7,5030,4.2,1231,1.0,3244,2.7,125,0.1,430,0.4,120027,100.0,16245,13.5,1705,1.4,5943,5.0,530,0.4,8067,6.7,103782,86.5,120027,100.0,114997,95.8,14672,12.2,100325,83.6,5030,4.2,1573,1.3,3457,2.9
620L200US36058,36058,"Assembly District 58 (2010), New York",113909,100.0,111630,98.0,3907,3.4,103505,90.9,364,0.3,68,0.1,0,0.0,0,0.0,296,0.3,1465,1.3,35,0.0,2354,2.1,2279,2.0,853,0.7,1250,1.1,43,0.0,133,0.1,113909,100.0,7243,6.4,559,0.5,2373,2.1,291,0.3,4020,3.5,106666,93.6,113909,100.0,111630,98.0,6674,5.9,104956,92.1,2279,2.0,569,0.5,1710,1.5
620L200US36059,36059,"Assembly District 59 (2010), New York",123974,100.0,121364,97.9,51670,41.7,60967,49.2,298,0.2,86,0.1,0,0.0,3,0.0,209,0.2,5246,4.2,27,0.0,3156,2.5,2610,2.1,826,0.7,1591,1.3,67,0.1,126,0.1,123974,100.0,10203,8.2,914,0.7,4677,3.8,315,0.3,4297,3.5,113771,91.8,123974,100.0,121364,97.9,9456,7.6,111908,90.3,2610,2.1,747,0.6,1863,1.5
620L200US36060,36060,"Assembly District 60 (2010), New York",126132,100.0,123006,97.5,101381,80.4,3395,2.7,332,0.3,145,0.1,1,0.0,0,0.0,186,0.1,11725,9.3,51,0.0,6122,4.9,3126,2.5,1039,0.8,1880,1.5,75,0.1,132,0.1,126132,100.0,18619,14.8,3977,3.2,8447,6.7,501,0.4,5694,4.5,107513,85.2,126132,100.0,123006,97.5,17439,13.8,105567,83.7,3126,2.5,1180,0.9,1946,1.5
620L200US36061,36061,"Assembly District 61 (2010), New York",130360,100.0,124835,95.8,64299,49.3,35417,27.2,908,0.7,372,0.3,0,0.0,0,0.0,536,0.4,7868,6.0,88,0.1,16255,12.5,5525,4.2,2361,1.8,2686,2.1,148,0.1,330,0.3,130360,100.0,39271,30.1,12038,9.2,16207,12.4,591,0.5,10435,8.0,91089,69.9,130360,100.0,124835,95.8,36328,27.9,88507,67.9,5525,4.2,2943,2.3,2582,2.0
620L200US36062,36062,"Assembly District 62 (2010), New York",127763,100.0,126169,98.8,117652,92.1,1314,1.0,176,0.1,85,0.1,0,0.0,0,0.0,91,0.1,4910,3.8,40,0.0,2077,1.6,1594,1.2,537,0.4,976,0.8,28,0.0,53,0.0,127763,100.0,10178,8.0,1549,1.2,5230,4.1,447,0.3,2952,2.3,117585,92.0,127763,100.0,126169,98.8,9585,7.5,116584,91.3,1594,1.2,593,0.5,1001,0.8
620L200US36063,36063,"Assembly District 63 (2010), New York",125373,100.0,122180,97.5,89313,71.2,10645,8.5,396,0.3,152,0.1,0,0.0,0,0.0,244,0.2,15771,12.6,43,0.0,6012,4.8,3193,2.5,1178,0.9,1794,1.4,77,0.1,144,0.1,125373,100.0,19452,15.5,2834,2.3,10079,8.0,494,0.4,6045,4.8,105921,84.5,125373,100.0,122180,97.5,18236,14.5,103944,82.9,3193,2.5,1216,1.0,1977,1.6
620L200US36064,36064,"Assembly District 64 (2010), New York",136671,100.0,132444,96.9,58115,42.5,8259,6.0,366,0.3,137,0.1,4,0.0,0,0.0,225,0.2,57937,42.4,57,0.0,7710,5.6,4227,3.1,1112,0.8,2767,2.0,86,0.1,262,0.2,136671,100.0,21704,15.9,1373,1.0,10884,8.0,490,0.4,8957,6.6,114967,84.1,136671,100.0,132444,96.9,20105,14.7,112339,82.2,4227,3.1,1599,1.2,2628,1.9
620L200US36065,36065,"Assembly District 65 (2010), New York",132385,100.0,129135,97.5,108576,82.0,5136,3.9,155,0.1,79,0.1,1,0.0,0,0.0,75,0.1,13128,9.9,77,0.1,2063,1.6,3250,2.5,616,0.5,2414,1.8,54,0.0,166,0.1,132385,100.0,9329,7.0,1165,0.9,2476,1.9,648,0.5,5040,3.8,123056,93.0,132385,100.0,129135,97.5,8648,6.5,120487,91.0,3250,2.5,681,0.5,2569,1.9
620L200US36066,36066,"Assembly District 66 (2010), New York",140310,100.0,135896,96.9,113812,81.1,4158,3.0,205,0.1,102,0.1,2,0.0,0,0.0,101,0.1,15204,10.8,52,0.0,2465,1.8,4414,3.1,629,0.4,3429,2.4,90,0.1,266,0.2,140310,100.0,10137,7.2,1713,1.2,2551,1.8,817,0.6,5056,3.6,130173,92.8,140310,100.0,135896,96.9,9404,6.7,126492,90.2,4414,3.1,733,0.5,3681,2.6
620L200US36067,36067,"Assembly District 67 (2010), New York",134810,100.0,131094,97.2,106447,79.0,7384,5.5,290,0.2,154,0.1,1,0.0,0,0.0,135,0.1,12658,9.4,46,0.0,4269,3.2,3716,2.8,875,0.6,2557,1.9,87,0.1,197,0.1,134810,100.0,14650,10.9,2052,1.5,4395,3.3,889,0.7,7314,5.4,120160,89.1,134810,100.0,131094,97.2,13542,10.0,117552,87.2,3716,2.8,1108,0.8,2608,1.9
620L200US36068,36068,"Assembly District 68 (2010), New York",129298,100.0,122866,95.0,39615,30.6,48306,37.4,1401,1.1,598,0.5,3,0.0,0,0.0,800,0.6,6989,5.4,134,0.1,26421,20.4,6432,5.0,3360,2.6,2478,1.9,211,0.2,383,0.3,129298,100.0,61102,47.3,11329,8.8,30696,23.7,798,0.6,18279,14.1,68196,52.7,129298,100.0,122866,95.0,56668,43.8,66198,51.2,6432,5.0,4434,3.4,1998,1.5
620L200US36069,36069,"Assembly District 69 (2010), New York",127919,100.0,122056,95.4,75833,59.3,23199,18.1,635,0.5,292,0.2,0,0.0,0,0.0,343,0.3,11646,9.1,91,0.1,10652,8.3,5863,4.6,1878,1.5,3380,2.6,176,0.1,429,0.3,127919,100.0,29321,22.9,2804,2.2,9453,7.4,1120,0.9,15944,12.5,98598,77.1,127919,100.0,122056,95.4,26602,20.8,95454,74.6,5863,4.6,2719,2.1,3144,2.5
620L200US36070,36070,"Assembly District 70 (2010), New York",131796,100.0,124854,94.7,24235,18.4,72800,55.2,1375,1.0,482,0.4,4,0.0,0,0.0,889,0.7,3367,2.6,81,0.1,22996,17.4,6942,5.3,3182,2.4,3048,2.3,245,0.2,467,0.4,131796,100.0,46651,35.4,5256,4.0,8737,6.6,833,0.6,31825,24.1,85145,64.6,131796,100.0,124854,94.7,42331,32.1,82523,62.6,6942,5.3,4320,3.3,2622,2.0
620L200US36071,36071,"Assembly District 71 (2010), New York",122886,100.0,115659,94.1,42730,34.8,38158,31.1,1271,1.0,451,0.4,1,0.0,0,0.0,819,0.7,3928,3.2,46,0.0,29526,24.0,7227,5.9,3749,3.1,2718,2.2,334,0.3,426,0.3,122886,100.0,59278,48.2,5512,4.5,7401,6.0,1611,1.3,44754,36.4,63608,51.8,122886,100.0,115659,94.1,54019,44.0,61640,50.2,7227,5.9,5259,4.3,1968,1.6
620L200US36072,36072,"Assembly District 72 (2010), New York",117394,100.0,108029,92.0,35410,30.2,15818,13.5,1898,1.6,583,0.5,0,0.0,0,0.0,1315,1.1,2175,1.9,98,0.1,52630,44.8,9365,8.0,6323,5.4,2174,1.9,546,0.5,322,0.3,117394,100.0,96544,82.2,5770,4.9,7492,6.4,1844,1.6,81438,69.4,20850,17.8,117394,100.0,108029,92.0,87962,74.9,20067,17.1,9365,8.0,8582,7.3,783,0.7
620L200US36073,36073,"Assembly District 73 (2010), New York",129766,100.0,127259,98.1,109924,84.7,3764,2.9,148,0.1,79,0.1,3,0.0,0,0.0,66,0.1,11475,8.8,55,0.0,1893,1.5,2507,1.9,515,0.4,1822,1.4,41,0.0,129,0.1,129766,100.0,8818,6.8,1048,0.8,2600,2.0,569,0.4,4601,3.5,120948,93.2,129766,100.0,127259,98.1,8319,6.4,118940,91.7,2507,1.9,499,0.4,2008,1.5
620L200US36074,36074,"Assembly District 74 (2010), New York",133261,100.0,128470,96.4,87179,65.4,11331,8.5,550,0.4,204,0.2,2,0.0,0,0.0,344,0.3,19548,14.7,70,0.1,9792,7.3,4791,3.6,1550,1.2,2804,2.1,124,0.1,313,0.2,133261,100.0,27402,20.6,1723,1.3,14681,11.0,755,0.6,10243,7.7,105859,79.4,133261,100.0,128470,96.4,25384,19.0,103086,77.4,4791,3.6,2018,1.5,2773,2.1
620L200US36075,36075,"Assembly District 75 (2010), New York",149377,100.0,144788,96.9,109197,73.1,8374,5.6,375,0.3,182,0.1,1,0.0,1,0.0,191,0.1,21497,14.4,66,0.0,5279,3.5,4589,3.1,1208,0.8,3033,2.0,102,0.1,246,0.2,149377,100.0,18641,12.5,2220,1.5,6408,4.3,1249,0.8,8764,5.9,130736,87.5,149377,100.0,144788,96.9,17227,11.5,127561,85.4,4589,3.1,1414,0.9,3175,2.1
620L200US36076,36076,"Assembly District 76 (2010), New York",125532,100.0,118505,94.4,31100,24.8,44202,35.2,1677,1.3,533,0.4,0,0.0,0,0.0,1144,0.9,9610,7.7,101,0.1,31815,25.3,7027,5.6,3927,3.1,2559,2.0,269,0.2,272,0.2,125532,100.0,72281,57.6,6012,4.8,37868,30.2,961,0.8,27440,21.9,53251,42.4,125532,100.0,118505,94.4,67310,53.6,51195,40.8,7027,5.6,4971,4.0,2056,1.6
620L200US36077,36077,"Assembly District 77 (2010), New York",126463,100.0,119025,94.1,21146,16.7,54574,43.2,1836,1.5,567,0.4,2,0.0,0,0.0,1267,1.0,1675,1.3,105,0.1,39689,31.4,7438,5.9,4877,3.9,1973,1.6,368,0.3,220,0.2,126463,100.0,76989,60.9,4691,3.7,21342,16.9,691,0.5,50265,39.7,49474,39.1,126463,100.0,119025,94.1,70621,55.8,48404,38.3,7438,5.9,6368,5.0,1070,0.8
620L200US36078,36078,"Assembly District 78 (2010), New York",121803,100.0,114368,93.9,36091,29.6,28807,23.7,1817,1.5,561,0.5,0,0.0,0,0.0,1256,1.0,5975,4.9,95,0.1,41583,34.1,7435,6.1,4839,4.0,2015,1.7,339,0.3,242,0.2,121803,100.0,81030,66.5,10796,8.9,24119,19.8,830,0.7,45285,37.2,40773,33.5,121803,100.0,114368,93.9,74806,61.4,39562,32.5,7435,6.1,6224,5.1,1211,1.0
620L200US36079,36079,"Assembly District 79 (2010), New York",139940,100.0,132149,94.4,25536,18.2,65961,47.1,2249,1.6,925,0.7,8,0.0,0,0.0,1316,0.9,893,0.6,283,0.2,37227,26.6,7791,5.6,4870,3.5,2361,1.7,360,0.3,200,0.1,139940,100.0,81303,58.1,4819,3.4,36585,26.1,816,0.6,39083,27.9,58637,41.9,139940,100.0,132149,94.4,74698,53.4,57451,41.1,7791,5.6,6605,4.7,1186,0.8
620L200US36080,36080,"Assembly District 80 (2010), New York",124298,100.0,118688,95.5,55333,44.5,29163,23.5,1092,0.9,413,0.3,3,0.0,0,0.0,676,0.5,9868,7.9,88,0.1,23144,18.6,5610,4.5,3006,2.4,2135,1.7,194,0.2,275,0.2,124298,100.0,53547,43.1,6532,5.3,24857,20.0,855,0.7,21303,17.1,70751,56.9,124298,100.0,118688,95.5,49676,40.0,69012,55.5,5610,4.5,3871,3.1,1739,1.4
620L200US36081,36081,"Assembly District 81 (2010), New York",119471,100.0,114148,95.5,60356,50.5,25459,21.3,993,0.8,285,0.2,2,0.0,0,0.0,706,0.6,8193,6.9,61,0.1,19086,16.0,5323,4.5,2503,2.1,2314,1.9,227,0.2,279,0.2,119471,100.0,41772,35.0,4344,3.6,14970,12.5,1040,0.9,21418,17.9,77699,65.0,119471,100.0,114148,95.5,38497,32.2,75651,63.3,5323,4.5,3275,2.7,2048,1.7
620L200US36082,36082,"Assembly District 82 (2010), New York",125736,100.0,121046,96.3,61997,49.3,34765,27.6,799,0.6,243,0.2,0,0.0,0,0.0,556,0.4,5940,4.7,68,0.1,17477,13.9,4690,3.7,2343,1.9,1926,1.5,146,0.1,275,0.2,125736,100.0,45178,35.9,2058,1.6,28626,22.8,861,0.7,13633,10.8,80558,64.1,125736,100.0,121046,96.3,42141,33.5,78905,62.8,4690,3.7,3037,2.4,1653,1.3
620L200US36083,36083,"Assembly District 83 (2010), New York",124748,100.0,120734,96.8,11846,9.5,93853,75.2,1007,0.8,301,0.2,1,0.0,0,0.0,705,0.6,1753,1.4,66,0.1,12209,9.8,4014,3.2,1777,1.4,1838,1.5,181,0.1,218,0.2,124748,100.0,28350,22.7,1371,1.1,14712,11.8,624,0.5,11643,9.3,96398,77.3,124748,100.0,120734,96.8,26237,21.0,94497,75.8,4014,3.2,2113,1.7,1901,1.5
620L200US36084,36084,"Assembly District 84 (2010), New York",130899,100.0,122750,93.8,29821,22.8,42753,32.7,2452,1.9,1028,0.8,0,0.0,0,0.0,1424,1.1,1658,1.3,109,0.1,45957,35.1,8149,6.2,5546,4.2,2094,1.6,328,0.3,181,0.1,130899,100.0,93671,71.6,13844,10.6,37318,28.5,709,0.5,41800,31.9,37228,28.4,130899,100.0,122750,93.8,86483,66.1,36267,27.7,8149,6.2,7188,5.5,961,0.7
620L200US36085,36085,"Assembly District 85 (2010), New York",125392,100.0,117942,94.1,28933,23.1,48027,38.3,1995,1.6,685,0.5,0,0.0,1,0.0,1309,1.0,1545,1.2,187,0.1,37255,29.7,7450,5.9,4870,3.9,1947,1.6,295,0.2,338,0.3,125392,100.0,80766,64.4,8286,6.6,36542,29.1,789,0.6,35149,28.0,44626,35.6,125392,100.0,117942,94.1,74399,59.3,43543,34.7,7450,5.9,6367,5.1,1083,0.9
620L200US36086,36086,"Assembly District 86 (2010), New York",120826,100.0,112510,93.1,24338,20.1,37636,31.1,2343,1.9,722,0.6,1,0.0,0,0.0,1620,1.3,2499,2.1,125,0.1,45569,37.7,8316,6.9,5443,4.5,2231,1.8,415,0.3,227,0.2,120826,100.0,86526,71.6,8441,7.0,21982,18.2,609,0.5,55494,45.9,34300,28.4,120826,100.0,112510,93.1,79264,65.6,33246,27.5,8316,6.9,7262,6.0,1054,0.9
620L200US36087,36087,"Assembly District 87 (2010), New York",132139,100.0,125949,95.3,41942,31.7,58742,44.5,1095,0.8,305,0.2,0,0.0,0,0.0,790,0.6,4111,3.1,87,0.1,19972,15.1,6190,4.7,3123,2.4,2586,2.0,168,0.1,313,0.2,132139,100.0,44627,33.8,12239,9.3,10909,8.3,854,0.6,20625,15.6,87512,66.2,132139,100.0,125949,95.3,41073,31.1,84876,64.2,6190,4.7,3554,2.7,2636,2.0
620L200US36088,36088,"Assembly District 88 (2010), New York",131096,100.0,126966,96.8,93179,71.1,16033,12.2,600,0.5,227,0.2,0,0.0,0,0.0,373,0.3,8831,6.7,42,0.0,8281,6.3,4130,3.2,1739,1.3,2125,1.6,93,0.1,173,0.1,131096,100.0,25803,19.7,10100,7.7,3307,2.5,654,0.5,11742,9.0,105293,80.3,131096,100.0,126966,96.8,23729,18.1,103237,78.7,4130,3.2,2074,1.6,2056,1.6
620L200US36089,36089,"Assembly District 89 (2010), New York",129296,100.0,126316,97.7,108396,83.8,5249,4.1,294,0.2,166,0.1,0,0.0,0,0.0,128,0.1,6984,5.4,31,0.0,5362,4.1,2980,2.3,982,0.8,1779,1.4,45,0.0,174,0.1,129296,100.0,16087,12.4,2310,1.8,2192,1.7,496,0.4,11089,8.6,113209,87.6,129296,100.0,126316,97.7,14922,11.5,111394,86.2,2980,2.3,1165,0.9,1815,1.4
620L200US36090,36090,"Assembly District 90 (2010), New York",137827,100.0,133303,96.7,103628,75.2,13367,9.7,445,0.3,161,0.1,2,0.0,0,0.0,282,0.2,4680,3.4,51,0.0,11132,8.1,4524,3.3,1792,1.3,2367,1.7,101,0.1,264,0.2,137827,100.0,29025,21.1,1449,1.1,6235,4.5,616,0.4,20725,15.0,108802,78.9,137827,100.0,133303,96.7,26726,19.4,106577,77.3,4524,3.3,2299,1.7,2225,1.6
620L200US36091,36091,"Assembly District 91 (2010), New York",128861,100.0,124770,96.8,95959,74.5,9936,7.7,526,0.4,194,0.2,4,0.0,0,0.0,328,0.3,5266,4.1,55,0.0,13028,10.1,4091,3.2,2176,1.7,1690,1.3,98,0.1,127,0.1,128861,100.0,37190,28.9,11737,9.1,3553,2.8,858,0.7,21042,16.3,91671,71.1,128861,100.0,124770,96.8,34758,27.0,90012,69.9,4091,3.2,2432,1.9,1659,1.3
620L200US36092,36092,"Assembly District 92 (2010), New York",133416,100.0,129932,97.4,96955,72.7,13595,10.2,312,0.2,133,0.1,1,0.0,0,0.0,178,0.1,11441,8.6,47,0.0,7582,5.7,3484,2.6,1223,0.9,1988,1.5,63,0.0,210,0.2,133416,100.0,20521,15.4,2228,1.7,3777,2.8,828,0.6,13688,10.3,112895,84.6,133416,100.0,129932,97.4,19103,14.3,110829,83.1,3484,2.6,1418,1.1,2066,1.5
620L200US36093,36093,"Assembly District 93 (2010), New York",129837,100.0,125489,96.7,82837,63.8,20401,15.7,680,0.5,260,0.2,4,0.0,0,0.0,416,0.3,8563,6.6,68,0.1,12940,10.0,4348,3.3,1898,1.5,2102,1.6,122,0.1,226,0.2,129837,100.0,32596,25.1,3963,3.1,11465,8.8,859,0.7,16309,12.6,97241,74.9,129837,100.0,125489,96.7,30325,23.4,95164,73.3,4348,3.3,2271,1.7,2077,1.6
620L200US36094,36094,"Assembly District 94 (2010), New York",135492,100.0,131441,97.0,95368,70.4,15251,11.3,382,0.3,126,0.1,1,0.0,0,0.0,255,0.2,11210,8.3,60,0.0,9170,6.8,4051,3.0,1539,1.1,2239,1.7,96,0.1,177,0.1,135492,100.0,25965,19.2,2418,1.8,7923,5.8,614,0.5,15010,11.1,109527,80.8,135492,100.0,131441,97.0,24022,17.7,107419,79.3,4051,3.0,1943,1.4,2108,1.6
620L200US36095,36095,"Assembly District 95 (2010), New York",145915,100.0,142880,97.9,107653,73.8,20421,14.0,358,0.2,160,0.1,3,0.0,0,0.0,195,0.1,6965,4.8,59,0.0,7424,5.1,3035,2.1,1180,0.8,1654,1.1,52,0.0,149,0.1,145915,100.0,18327,12.6,1860,1.3,3270,2.2,403,0.3,12794,8.8,127588,87.4,145915,100.0,142880,97.9,17055,11.7,125825,86.2,3035,2.1,1272,0.9,1763,1.2
620L200US36096,36096,"Assembly District 96 (2010), New York",138725,100.0,134580,97.0,114755,82.7,9502,6.8,448,0.3,287,0.2,4,0.0,0,0.0,157,0.1,3975,2.9,53,0.0,5847,4.2,4145,3.0,1019,0.7,2783,2.0,71,0.1,272,0.2,138725,100.0,19629,14.1,2359,1.7,10079,7.3,708,0.5,6483,4.7,119096,85.9,138725,100.0,134580,97.0,18176,13.1,116404,83.9,4145,3.0,1453,1.0,2692,1.9
620L200US36097,36097,"Assembly District 97 (2010), New York",144514,100.0,141138,97.7,120302,83.2,10110,7.0,542,0.4,329,0.2,2,0.0,0,0.0,211,0.1,3882,2.7,34,0.0,6268,4.3,3376,2.3,878,0.6,2150,1.5,88,0.1,260,0.2,144514,100.0,19092,13.2,3973,2.7,8509,5.9,545,0.4,6065,4.2,125422,86.8,144514,100.0,141138,97.7,17888,12.4,123250,85.3,3376,2.3,1204,0.8,2172,1.5
620L200US36098,36098,"Assembly District 98 (2010), New York",138734,100.0,133934,96.5,107400,77.4,14409,10.4,724,0.5,376,0.3,1,0.0,0,0.0,347,0.3,2066,1.5,32,0.0,9303,6.7,4800,3.5,1340,1.0,3047,2.2,109,0.1,304,0.2,138734,100.0,25031,18.0,5969,4.3,11842,8.5,499,0.4,6721,4.8,113703,82.0,138734,100.0,133934,96.5,23086,16.6,110848,79.9,4800,3.5,1945,1.4,2855,2.1
620L200US36099,36099,"Assembly District 99 (2010), New York",134814,100.0,132494,98.3,121552,90.2,3378,2.5,220,0.2,104,0.1,3,0.0,0,0.0,113,0.1,3915,2.9,46,0.0,3383,2.5,2320,1.7,716,0.5,1440,1.1,52,0.0,112,0.1,134814,100.0,13709,10.2,1240,0.9,4492,3.3,488,0.4,7489,5.6,121105,89.8,134814,100.0,132494,98.3,12787,9.5,119707,88.8,2320,1.7,922,0.7,1398,1.0
620L200US36100,36100,"Assembly District 100 (2010), New York",140947,100.0,135709,96.3,90395,64.1,29143,20.7,989,0.7,507,0.4,1,0.0,0,0.0,481,0.3,2563,1.8,63,0.0,12556,8.9,5238,3.7,1499,1.1,3307,2.3,135,0.1,297,0.2,140947,100.0,30953,22.0,11042,7.8,10016,7.1,504,0.4,9391,6.7,109994,78.0,140947,100.0,135709,96.3,28773,20.4,106936,75.9,5238,3.7,2180,1.5,3058,2.2
620L200US36101,36101,"Assembly District 101 (2010), New York",128454,100.0,124599,97.0,109617,85.3,8469,6.6,437,0.3,232,0.2,4,0.0,1,0.0,200,0.2,2344,1.8,32,0.0,3700,2.9,3855,3.0,715,0.6,2823,2.2,62,0.0,255,0.2,128454,100.0,12021,9.4,2368,1.8,5406,4.2,297,0.2,3950,3.1,116433,90.6,128454,100.0,124599,97.0,10948,8.5,113651,88.5,3855,3.0,1073,0.8,2782,2.2
620L200US36102,36102,"Assembly District 102 (2010), New York",134109,100.0,130597,97.4,109272,81.5,10249,7.6,298,0.2,140,0.1,2,0.0,0,0.0,156,0.1,6903,5.1,44,0.0,3831,2.9,3512,2.6,769,0.6,2475,1.8,61,0.0,207,0.2,134109,100.0,12994,9.7,2128,1.6,5620,4.2,570,0.4,4676,3.5,121115,90.3,134109,100.0,130597,97.4,11954,8.9,118643,88.5,3512,2.6,1040,0.8,2472,1.8
620L200US36103,36103,"Assembly District 103 (2010), New York",134686,100.0,131947,98.0,118987,88.3,6792,5.0,265,0.2,156,0.1,3,0.0,0,0.0,106,0.1,3178,2.4,48,0.0,2677,2.0,2739,2.0,492,0.4,2070,1.5,49,0.0,128,0.1,134686,100.0,8941,6.6,1617,1.2,3509,2.6,325,0.2,3490,2.6,125745,93.4,134686,100.0,131947,98.0,8315,6.2,123632,91.8,2739,2.0,626,0.5,2113,1.6
620L200US36104,36104,"Assembly District 104 (2010), New York",132644,100.0,129033,97.3,101597,76.6,17131,12.9,320,0.2,171,0.1,3,0.0,0,0.0,146,0.1,7433,5.6,72,0.1,2480,1.9,3611,2.7,571,0.4,2766,2.1,70,0.1,204,0.2,132644,100.0,7431,5.6,703,0.5,3498,2.6,311,0.2,2919,2.2,125213,94.4,132644,100.0,129033,97.3,6625,5.0,122408,92.3,3611,2.7,806,0.6,2805,2.1
620L200US36105,36105,"Assembly District 105 (2010), New York",137005,100.0,131949,96.3,109523,79.9,12560,9.2,640,0.5,195,0.1,6,0.0,0,0.0,439,0.3,2605,1.9,100,0.1,6521,4.8,5056,3.7,1235,0.9,3360,2.5,176,0.1,285,0.2,137005,100.0,11805,8.6,601,0.4,8331,6.1,221,0.2,2652,1.9,125200,91.4,137005,100.0,131949,96.3,10709,7.8,121240,88.5,5056,3.7,1096,0.8,3960,2.9
620L200US36106,36106,"Assembly District 106 (2010), New York",134254,100.0,129762,96.7,98554,73.4,24697,18.4,377,0.3,171,0.1,1,0.0,0,0.0,205,0.2,3402,2.5,26,0.0,2706,2.0,4492,3.3,555,0.4,3612,2.7,86,0.1,239,0.2,134254,100.0,8259,6.2,679,0.5,5351,4.0,203,0.2,2026,1.5,125995,93.8,134254,100.0,129762,96.7,7336,5.5,122426,91.2,4492,3.3,923,0.7,3569,2.7
620L200US36107,36107,"Assembly District 107 (2010), New York",125994,100.0,124107,98.5,120333,95.5,1811,1.4,337,0.3,218,0.2,5,0.0,0,0.0,114,0.1,847,0.7,25,0.0,754,0.6,1887,1.5,189,0.2,1546,1.2,18,0.0,134,0.1,125994,100.0,3065,2.4,607,0.5,1419,1.1,141,0.1,898,0.7,122929,97.6,125994,100.0,124107,98.5,2808,2.2,121299,96.3,1887,1.5,257,0.2,1630,1.3
620L200US36108,36108,"Assembly District 108 (2010), New York",131716,100.0,129656,98.4,121437,92.2,4861,3.7,239,0.2,126,0.1,2,0.0,0,0.0,111,0.1,2145,1.6,21,0.0,953,0.7,2060,1.6,182,0.1,1741,1.3,31,0.0,106,0.1,131716,100.0,4062,3.1,781,0.6,1866,1.4,166,0.1,1249,0.9,127654,96.9,131716,100.0,129656,98.4,3786,2.9,125870,95.6,2060,1.6,276,0.2,1784,1.4
620L200US36109,36109,"Assembly District 109 (2010), New York",139831,100.0,137169,98.1,122687,87.7,5386,3.9,209,0.1,137,0.1,3,0.0,0,0.0,69,0.0,7746,5.5,28,0.0,1113,0.8,2662,1.9,343,0.2,2180,1.6,33,0.0,106,0.1,139831,100.0,4140,3.0,810,0.6,1577,1.1,184,0.1,1569,1.1,135691,97.0,139831,100.0,137169,98.1,3781,2.7,133388,95.4,2662,1.9,359,0.3,2303,1.6
620L200US36110,36110,"Assembly District 110 (2010), New York",138331,100.0,135323,97.8,125969,91.1,4184,3.0,216,0.2,119,0.1,1,0.0,0,0.0,96,0.1,3524,2.5,44,0.0,1386,1.0,3008,2.2,405,0.3,2391,1.7,55,0.0,157,0.1,138331,100.0,4417,3.2,800,0.6,2016,1.5,178,0.1,1423,1.0,133914,96.8,138331,100.0,135323,97.8,3961,2.9,131362,95.0,3008,2.2,456,0.3,2552,1.8
620L200US36111,36111,"Assembly District 111 (2010), New York",132613,100.0,130713,98.6,125729,94.8,2364,1.8,676,0.5,460,0.3,6,0.0,0,0.0,210,0.2,1271,1.0,44,0.0,629,0.5,1900,1.4,217,0.2,1535,1.2,24,0.0,124,0.1,132613,100.0,2964,2.2,563,0.4,1119,0.8,168,0.1,1114,0.8,129649,97.8,132613,100.0,130713,98.6,2668,2.0,128045,96.6,1900,1.4,296,0.2,1604,1.2
620L200US36112,36112,"Assembly District 112 (2010), New York",139495,100.0,137749,98.7,133178,95.5,2589,1.9,322,0.2,175,0.1,6,0.0,0,0.0,141,0.1,888,0.6,23,0.0,749,0.5,1746,1.3,164,0.1,1458,1.0,13,0.0,111,0.1,139495,100.0,2970,2.1,873,0.6,1086,0.8,114,0.1,897,0.6,136525,97.9,139495,100.0,137749,98.7,2750,2.0,134999,96.8,1746,1.3,220,0.2,1526,1.1
620L200US36113,36113,"Assembly District 113 (2010), New York",135737,100.0,134002,98.7,130045,95.8,2102,1.5,319,0.2,175,0.1,4,0.0,0,0.0,140,0.1,843,0.6,25,0.0,668,0.5,1735,1.3,196,0.1,1437,1.1,16,0.0,86,0.1,135737,100.0,2704,2.0,726,0.5,1065,0.8,81,0.1,832,0.6,133033,98.0,135737,100.0,134002,98.7,2459,1.8,131543,96.9,1735,1.3,245,0.2,1490,1.1
620L200US36114,36114,"Assembly District 114 (2010), New York",135275,100.0,133448,98.6,120943,89.4,6338,4.7,4092,3.0,3209,2.4,6,0.0,1,0.0,876,0.6,1118,0.8,29,0.0,928,0.7,1827,1.4,135,0.1,1586,1.2,17,0.0,89,0.1,135275,100.0,3583,2.6,515,0.4,1669,1.2,150,0.1,1249,0.9,131692,97.4,135275,100.0,133448,98.6,3348,2.5,130100,96.2,1827,1.4,235,0.2,1592,1.2
620L200US36115,36115,"Assembly District 115 (2010), New York",127225,100.0,125841,98.9,122849,96.6,884,0.7,376,0.3,275,0.2,1,0.0,0,0.0,100,0.1,1379,1.1,16,0.0,337,0.3,1384,1.1,155,0.1,1141,0.9,17,0.0,71,0.1,127225,100.0,1657,1.3,368,0.3,760,0.6,35,0.0,494,0.4,125568,98.7,127225,100.0,125841,98.9,1471,1.2,124370,97.8,1384,1.1,186,0.1,1198,0.9
620L200US36116,36116,"Assembly District 116 (2010), New York",127428,100.0,123709,97.1,101074,79.3,13848,10.9,366,0.3,176,0.1,4,0.0,3,0.0,183,0.1,5227,4.1,43,0.0,3151,2.5,3719,2.9,653,0.5,2858,2.2,59,0.0,149,0.1,127428,100.0,9382,7.4,579,0.5,5881,4.6,156,0.1,2766,2.2,118046,92.6,127428,100.0,123709,97.1,8500,6.7,115209,90.4,3719,2.9,882,0.7,2837,2.2
620L200US36117,36117,"Assembly District 117 (2010), New York",128680,100.0,127000,98.7,123627,96.1,1824,1.4,288,0.2,169,0.1,7,0.0,0,0.0,112,0.1,679,0.5,27,0.0,555,0.4,1680,1.3,180,0.1,1412,1.1,16,0.0,72,0.1,128680,100.0,2514,2.0,350,0.3,1393,1.1,68,0.1,703,0.5,126166,98.0,128680,100.0,127000,98.7,2263,1.8,124737,96.9,1680,1.3,251,0.2,1429,1.1
620L200US36118,36118,"Assembly District 118 (2010), New York",129137,100.0,126531,98.0,118503,91.8,4136,3.2,1124,0.9,798,0.6,10,0.0,0,0.0,316,0.2,1612,1.2,100,0.1,1056,0.8,2606,2.0,273,0.2,2166,1.7,27,0.0,140,0.1,129137,100.0,3817,3.0,1046,0.8,1470,1.1,128,0.1,1173,0.9,125320,97.0,129137,100.0,126531,98.0,3431,2.7,123100,95.3,2606,2.0,386,0.3,2220,1.7
620L200US36119,36119,"Assembly District 119 (2010), New York",127496,100.0,123404,96.8,87991,69.0,28209,22.1,1538,1.2,858,0.7,1,0.0,0,0.0,679,0.5,3266,2.6,39,0.0,2361,1.9,4092,3.2,535,0.4,3278,2.6,50,0.0,229,0.2,127496,100.0,7273,5.7,690,0.5,4476,3.5,620,0.5,1487,1.2,120223,94.3,127496,100.0,123404,96.8,6560,5.1,116844,91.6,4092,3.2,713,0.6,3379,2.7
620L200US36120,36120,"Assembly District 120 (2010), New York",131094,100.0,125475,95.7,95842,73.1,18682,14.3,1387,1.1,910,0.7,3,0.0,2,0.0,472,0.4,7262,5.5,31,0.0,2271,1.7,5619,4.3,622,0.5,4537,3.5,95,0.1,365,0.3,131094,100.0,7716,5.9,809,0.6,4290,3.3,892,0.7,1725,1.3,123378,94.1,131094,100.0,125475,95.7,6777,5.2,118698,90.5,5619,4.3,939,0.7,4680,3.6
620L200US36121,36121,"Assembly District 121 (2010), New York",134240,100.0,131855,98.2,123875,92.3,3601,2.7,590,0.4,444,0.3,1,0.0,0,0.0,145,0.1,3166,2.4,44,0.0,579,0.4,2385,1.8,251,0.2,1972,1.5,21,0.0,141,0.1,134240,100.0,2627,2.0,560,0.4,1044,0.8,181,0.1,842,0.6,131613,98.0,134240,100.0,131855,98.2,2332,1.7,129523,96.5,2385,1.8,295,0.2,2090,1.6
620L200US36122,36122,"Assembly District 122 (2010), New York",131778,100.0,129318,98.1,121569,92.3,4377,3.3,682,0.5,456,0.3,16,0.0,0,0.0,210,0.2,1089,0.8,250,0.2,1351,1.0,2460,1.9,339,0.3,1944,1.5,35,0.0,142,0.1,131778,100.0,4889,3.7,1795,1.4,1699,1.3,132,0.1,1263,1.0,126889,96.3,131778,100.0,129318,98.1,4366,3.3,124952,94.8,2460,1.9,523,0.4,1937,1.5
620L200US36123,36123,"Assembly District 123 (2010), New York",124261,100.0,122211,98.4,117407,94.5,2952,2.4,303,0.2,189,0.2,0,0.0,0,0.0,114,0.1,763,0.6,38,0.0,748,0.6,2050,1.6,197,0.2,1743,1.4,25,0.0,85,0.1,124261,100.0,2533,2.0,510,0.4,1039,0.8,92,0.1,892,0.7,121728,98.0,124261,100.0,122211,98.4,2266,1.8,119945,96.5,2050,1.6,267,0.2,1783,1.4
620L200US36124,36124,"Assembly District 124 (2010), New York",130736,100.0,128993,98.7,125554,96.0,1171,0.9,518,0.4,353,0.3,2,0.0,0,0.0,163,0.1,1094,0.8,35,0.0,621,0.5,1743,1.3,213,0.2,1457,1.1,16,0.0,57,0.0,130736,100.0,2735,2.1,678,0.5,1218,0.9,98,0.1,741,0.6,128001,97.9,130736,100.0,128993,98.7,2458,1.9,126535,96.8,1743,1.3,277,0.2,1466,1.1
620L200US36125,36125,"Assembly District 125 (2010), New York",131678,100.0,127783,97.0,112158,85.2,4692,3.6,450,0.3,292,0.2,1,0.0,0,0.0,157,0.1,9056,6.9,49,0.0,1378,1.0,3895,3.0,388,0.3,3235,2.5,47,0.0,225,0.2,131678,100.0,5056,3.8,1032,0.8,1531,1.2,302,0.2,2191,1.7,126622,96.2,131678,100.0,127783,97.0,4504,3.4,123279,93.6,3895,3.0,552,0.4,3343,2.5
620L200US36126,36126,"Assembly District 126 (2010), New York",131765,100.0,127695,96.9,110203,83.6,8813,6.7,290,0.2,151,0.1,1,0.0,0,0.0,138,0.1,6642,5.0,70,0.1,1677,1.3,4070,3.1,456,0.3,3285,2.5,45,0.0,284,0.2,131765,100.0,5787,4.4,601,0.5,2973,2.3,275,0.2,1938,1.5,125978,95.6,131765,100.0,127695,96.9,5066,3.8,122629,93.1,4070,3.1,721,0.5,3349,2.5
620L200US36127,36127,"Assembly District 127 (2010), New York",129764,100.0,127648,98.4,123409,95.1,2079,1.6,307,0.2,178,0.1,2,0.0,0,0.0,127,0.1,974,0.8,31,0.0,848,0.7,2116,1.6,259,0.2,1731,1.3,15,0.0,111,0.1,129764,100.0,4510,3.5,696,0.5,2098,1.6,183,0.1,1533,1.2,125254,96.5,129764,100.0,127648,98.4,4171,3.2,123477,95.2,2116,1.6,339,0.3,1777,1.4
620L200US36128,36128,"Assembly District 128 (2010), New York",126373,100.0,124121,98.2,118353,93.7,3277,2.6,374,0.3,246,0.2,0,0.0,0,0.0,128,0.1,721,0.6,32,0.0,1364,1.1,2252,1.8,270,0.2,1883,1.5,31,0.0,68,0.1,126373,100.0,4061,3.2,1342,1.1,1979,1.6,75,0.1,665,0.5,122312,96.8,126373,100.0,124121,98.2,3669,2.9,120452,95.3,2252,1.8,392,0.3,1860,1.5
620L200US36129,36129,"Assembly District 129 (2010), New York",130747,100.0,128761,98.5,121477,92.9,4419,3.4,376,0.3,225,0.2,2,0.0,0,0.0,149,0.1,993,0.8,30,0.0,1466,1.1,1986,1.5,258,0.2,1594,1.2,34,0.0,100,0.1,130747,100.0,4390,3.4,929,0.7,2454,1.9,120,0.1,887,0.7,126357,96.6,130747,100.0,128761,98.5,4040,3.1,124721,95.4,1986,1.5,350,0.3,1636,1.3
620L200US36130,36130,"Assembly District 130 (2010), New York",139115,100.0,136740,98.3,125121,89.9,4615,3.3,312,0.2,229,0.2,4,0.0,0,0.0,79,0.1,5791,4.2,25,0.0,876,0.6,2375,1.7,292,0.2,1904,1.4,26,0.0,153,0.1,139115,100.0,3588,2.6,593,0.4,1442,1.0,315,0.2,1238,0.9,135527,97.4,139115,100.0,136740,98.3,3305,2.4,133435,95.9,2375,1.7,283,0.2,2092,1.5
620L200US36131,36131,"Assembly District 131 (2010), New York",126203,100.0,121912,96.6,84446,66.9,26905,21.3,505,0.4,290,0.2,4,0.0,0,0.0,211,0.2,4786,3.8,53,0.0,5217,4.1,4291,3.4,870,0.7,3119,2.5,71,0.1,231,0.2,126203,100.0,13895,11.0,671,0.5,10454,8.3,784,0.6,1986,1.6,112308,89.0,126203,100.0,121912,96.6,12551,9.9,109361,86.7,4291,3.4,1344,1.1,2947,2.3
620L200US36132,36132,"Assembly District 132 (2010), New York",125431,100.0,122108,97.4,99590,79.4,13835,11.0,329,0.3,196,0.2,2,0.0,0,0.0,131,0.1,5877,4.7,32,0.0,2445,1.9,3323,2.6,628,0.5,2436,1.9,55,0.0,204,0.2,125431,100.0,8109,6.5,480,0.4,5597,4.5,449,0.4,1583,1.3,117322,93.5,125431,100.0,122108,97.4,7276,5.8,114832,91.5,3323,2.6,833,0.7,2490,2.0
620L200US36133,36133,"Assembly District 133 (2010), New York",118100,100.0,113174,95.8,43674,37.0,58396,49.4,519,0.4,240,0.2,0,0.0,0,0.0,279,0.2,2480,2.1,66,0.1,8039,6.8,4926,4.2,1109,0.9,3303,2.8,140,0.1,374,0.3,118100,100.0,19411,16.4,564,0.5,16222,13.7,792,0.7,1833,1.6,98689,83.6,118100,100.0,113174,95.8,17657,15.0,95517,80.9,4926,4.2,1754,1.5,3172,2.7
620L200US36134,36134,"Assembly District 134 (2010), New York",130126,100.0,127686,98.1,117092,90.0,6639,5.1,340,0.3,230,0.2,2,0.0,0,0.0,108,0.1,2017,1.6,23,0.0,1575,1.2,2440,1.9,468,0.4,1819,1.4,44,0.0,109,0.1,130126,100.0,5676,4.4,568,0.4,3558,2.7,376,0.3,1174,0.9,124450,95.6,130126,100.0,127686,98.1,5100,3.9,122586,94.2,2440,1.9,576,0.4,1864,1.4
620L200US36135,36135,"Assembly District 135 (2010), New York",131932,100.0,129928,98.5,122433,92.8,2808,2.1,190,0.1,116,0.1,1,0.0,0,0.0,73,0.1,3741,2.8,38,0.0,718,0.5,2004,1.5,274,0.2,1597,1.2,11,0.0,122,0.1,131932,100.0,3484,2.6,499,0.4,1612,1.2,224,0.2,1149,0.9,128448,97.4,131932,100.0,129928,98.5,3147,2.4,126781,96.1,2004,1.5,337,0.3,1667,1.3
620L200US36136,36136,"Assembly District 136 (2010), New York",124338,100.0,122685,98.7,118962,95.7,1743,1.4,268,0.2,158,0.1,10,0.0,0,0.0,100,0.1,1258,1.0,21,0.0,433,0.3,1653,1.3,149,0.1,1425,1.1,20,0.0,59,0.0,124338,100.0,1792,1.4,584,0.5,659,0.5,41,0.0,508,0.4,122546,98.6,124338,100.0,122685,98.7,1586,1.3,121099,97.4,1653,1.3,206,0.2,1447,1.2
620L200US36137,36137,"Assembly District 137 (2010), New York",123427,100.0,120655,97.8,112499,91.1,6057,4.9,318,0.3,174,0.1,4,0.0,0,0.0,140,0.1,1160,0.9,24,0.0,597,0.5,2772,2.2,222,0.2,2381,1.9,34,0.0,135,0.1,123427,100.0,2679,2.2,519,0.4,1336,1.1,95,0.1,729,0.6,120748,97.8,123427,100.0,120655,97.8,2313,1.9,118342,95.9,2772,2.2,366,0.3,2406,1.9
620L200US36138,36138,"Assembly District 138 (2010), New York",126488,100.0,123590,97.7,107783,85.2,11970,9.5,1914,1.5,1175,0.9,0,0.0,0,0.0,739,0.6,1203,1.0,37,0.0,683,0.5,2898,2.3,217,0.2,2477,2.0,34,0.0,170,0.1,126488,100.0,2711,2.1,621,0.5,1202,1.0,98,0.1,790,0.6,123777,97.9,126488,100.0,123590,97.7,2429,1.9,121161,95.8,2898,2.3,282,0.2,2616,2.1
620L200US36139,36139,"Assembly District 139 (2010), New York",127086,100.0,124812,98.2,117243,92.3,4529,3.6,1026,0.8,543,0.4,1,0.0,0,0.0,482,0.4,693,0.5,21,0.0,1300,1.0,2274,1.8,262,0.2,1886,1.5,29,0.0,97,0.1,127086,100.0,4092,3.2,1599,1.3,1663,1.3,106,0.1,724,0.6,122994,96.8,127086,100.0,124812,98.2,3706,2.9,121106,95.3,2274,1.8,386,0.3,1888,1.5
620L200US36140,36140,"Assembly District 140 (2010), New York",117899,100.0,116220,98.6,111262,94.4,2601,2.2,489,0.4,335,0.3,0,0.0,0,0.0,154,0.1,1286,1.1,16,0.0,566,0.5,1679,1.4,186,0.2,1398,1.2,13,0.0,82,0.1,117899,100.0,2808,2.4,398,0.3,1730,1.5,60,0.1,620,0.5,115091,97.6,117899,100.0,116220,98.6,2564,2.2,113656,96.4,1679,1.4,244,0.2,1435,1.2
620L200US36141,36141,"Assembly District 141 (2010), New York",109926,100.0,107180,97.5,24378,22.2,79036,71.9,398,0.4,185,0.2,0,0.0,0,0.0,213,0.2,2001,1.8,40,0.0,1327,1.2,2746,2.5,365,0.3,2088,1.9,40,0.0,253,0.2,109926,100.0,4561,4.1,362,0.3,3195,2.9,158,0.1,846,0.8,105365,95.9,109926,100.0,107180,97.5,4081,3.7,103099,93.8,2746,2.5,480,0.4,2266,2.1
620L200US36142,36142,"Assembly District 142 (2010), New York",132951,100.0,130972,98.5,124031,93.3,4213,3.2,456,0.3,300,0.2,1,0.0,0,0.0,155,0.1,1660,1.2,31,0.0,581,0.4,1979,1.5,157,0.1,1690,1.3,22,0.0,110,0.1,132951,100.0,2376,1.8,543,0.4,1149,0.9,99,0.1,585,0.4,130575,98.2,132951,100.0,130972,98.5,2172,1.6,128800,96.9,1979,1.5,204,0.2,1775,1.3
620L200US36143,36143,"Assembly District 143 (2010), New York",129830,100.0,128086,98.7,118134,91.0,7476,5.8,308,0.2,200,0.2,1,0.0,0,0.0,107,0.1,1584,1.2,14,0.0,570,0.4,1744,1.3,218,0.2,1414,1.1,14,0.0,98,0.1,129830,100.0,2488,1.9,406,0.3,1429,1.1,70,0.1,583,0.4,127342,98.1,129830,100.0,128086,98.7,2200,1.7,125886,97.0,1744,1.3,288,0.2,1456,1.1
620L200US36144,36144,"Assembly District 144 (2010), New York",128607,100.0,124181,96.6,87836,68.3,20305,15.8,1381,1.1,877,0.7,5,0.0,0,0.0,499,0.4,6576,5.1,76,0.1,8007,6.2,4426,3.4,921,0.7,3137,2.4,106,0.1,262,0.2,128607,100.0,19894,15.5,795,0.6,16354,12.7,575,0.4,2170,1.7,108713,84.5,128607,100.0,124181,96.6,18560,14.4,105621,82.1,4426,3.4,1334,1.0,3092,2.4
620L200US36145,36145,"Assembly District 145 (2010), New York",127442,100.0,125588,98.5,119977,94.1,2752,2.2,518,0.4,349,0.3,1,0.0,0,0.0,168,0.1,1015,0.8,23,0.0,1303,1.0,1854,1.5,307,0.2,1472,1.2,10,0.0,65,0.1,127442,100.0,5125,4.0,680,0.5,3539,2.8,120,0.1,786,0.6,122317,96.0,127442,100.0,125588,98.5,4718,3.7,120870,94.8,1854,1.5,407,0.3,1447,1.1
620L200US36146,36146,"Assembly District 146 (2010), New York",128575,100.0,127030,98.8,119854,93.2,3336,2.6,2467,1.9,1916,1.5,1,0.0,0,0.0,550,0.4,551,0.4,18,0.0,804,0.6,1545,1.2,168,0.1,1292,1.0,20,0.0,65,0.1,128575,100.0,3412,2.7,741,0.6,1895,1.5,70,0.1,706,0.5,125163,97.3,128575,100.0,127030,98.8,3162,2.5,123868,96.3,1545,1.2,250,0.2,1295,1.0
620L200US36147,36147,"Assembly District 147 (2010), New York",124739,100.0,123215,98.8,116099,93.1,4350,3.5,332,0.3,176,0.1,2,0.0,1,0.0,153,0.1,1255,1.0,22,0.0,1157,0.9,1524,1.2,213,0.2,1203,1.0,20,0.0,88,0.1,124739,100.0,3463,2.8,837,0.7,1645,1.3,123,0.1,858,0.7,121276,97.2,124739,100.0,123215,98.8,3205,2.6,120010,96.2,1524,1.2,258,0.2,1266,1.0
620L200US36148,36148,"Assembly District 148 (2010), New York",131129,100.0,128840,98.3,111077,84.7,7074,5.4,246,0.2,148,0.1,0,0.0,0,0.0,98,0.1,9728,7.4,26,0.0,689,0.5,2289,1.7,300,0.2,1819,1.4,31,0.0,139,0.1,131129,100.0,2964,2.3,499,0.4,1155,0.9,128,0.1,1182,0.9,128165,97.7,131129,100.0,128840,98.3,2674,2.0,126166,96.2,2289,1.7,290,0.2,1999,1.5
620L200US36149,36149,"Assembly District 149 (2010), New York",121064,100.0,119250,98.5,114384,94.5,1179,1.0,2562,2.1,2198,1.8,16,0.0,1,0.0,347,0.3,675,0.6,23,0.0,427,0.4,1814,1.5,122,0.1,1606,1.3,23,0.0,63,0.1,121064,100.0,1829,1.5,395,0.3,927,0.8,54,0.0,453,0.4,119235,98.5,121064,100.0,119250,98.5,1643,1.4,117607,97.1,1814,1.5,186,0.2,1628,1.3
620L200US36150,36150,"Assembly District 150 (2010), New York",121520,100.0,118926,97.9,111801,92.0,3164,2.6,634,0.5,428,0.4,2,0.0,0,0.0,204,0.2,659,0.5,35,0.0,2633,2.2,2594,2.1,459,0.4,1961,1.6,41,0.0,133,0.1,121520,100.0,8037,6.6,830,0.7,6254,5.1,94,0.1,859,0.7,113483,93.4,121520,100.0,118926,97.9,7369,6.1,111557,91.8,2594,2.1,668,0.5,1926,1.6
